ORDER_SHOP_CD,Surface_COMMERC,Emplacement_PDV,Coord_L2E_II_X,Coord_L2E_II_Y
95PHSEERMO,110,CC,593302,2443396
67700FF5-4,84,CV,969415,2427885
16017FL9-3,163,CV,432042,2078600
84PHSEPERT,161,CC,855336,1858485
06PHSEMENT,107,CV,1016402,1877464
76PHSECANY,99,CC,506009,2491916
97PACAMARO,57,CV,-6602268,-58925
38PHSEISLE,65,CC,825246,2072115
19100FP5-4,,CV,,
79PHSEBRES,97,CV,384302,2208452
30932FB1-1,111,CV,763236,1871131
43012FG8-4,127,CV,721838,2005902
08PHSEMEZI,47,CV,771847,2533176
01MOBIBOUR,57,CC,824049,2139853
42100FD5-2,53,CC,761087,2049105
93110FV7-1,246,CC,610255,2431683
51MOBIVITR,42,CV,765529,2416617
60740FN9-7,131,CC,609399,2470565
05PHSEBRIA,82,CV,939541,1997684
32MOBINOGA,57,CV,408957,1864800
62600FQ9-2,126,CV,544966,2601475
37MOBILOCH,50,CV,498409,2237379
97133BAR-9,57,CV,,
04PHSEDIGN,121,CC,908823,1904877
52MOBIDIZI,82,CV,792602,2407409
30100FX9-0,223,CV,739647,1903933
84PHSEAVIC,67,CV,798455,1886142
33PHSEBORD,72,CC,363330,1985406
13098FE3-3,83,CC,851450,1840985
92500FS7-4,107,CV,588873,2431242
31PHSEPORT,193,CC,524322,1837421
53015FF5-5,129,CC,366198,2347006
12MOBIONET,76,CC,621180,1932424
61300FM7-3,35,CV,474174,2419737
38PHSESALA,88,CV,793461,2040682
75PHSTMASS,49,CC,602145,2424739
92MOBICOUR,48,CC,593733,2432993
49043FK1-2,138,CV,382430,2278782
52MOBILANG,56,CV,824220,2322289
21000FT4-8,145,CC,805137,2265553
33MOBILESP,60,CV,343187,2039339
75001RIV-1,252,CV,600807,2428929
76PHSENEBR,85,CV,535476,2526554
54PHSELUNE,135,CV,906705,2407359
27PHSEBERN,71,CV,472601,2455965
34035FK6-3,159,CV,725415,1846287
75018FR7-3,77,CV,600428,2432763
56000R9D-5,133,CC,214984,2308127
3330024P-5,168,CC,370610,1990900
68PHSETHAN,47,CV,956556,2323309
34PHSEBALA,87,CC,709822,1829868
93PHSEBOBI,125,CC,608148,2434188
42MOBISTCH,51,CV,769880,2055158
31MOBICOLO,55,CV,518702,1846017
39PHSEDOLE,95,CV,839585,2237346
09PHSESTGI,52,CV,502342,1776524
44500FN2-1,107,CV,242565,2264774
70014FR5-2,135,CV,886936,2298233
20137FE8-9,90,CV,1179965,1646918
67500FT5-1,184,CV,1000338,2437883
21200FT4-6,109,CV,790083,2227817
75570FK3-0,139,CV,604213,2426860
76620ZXC-4,73,CC,438708,2505029
13PHSEMART,147,CC,820123,1828338
25PHSEECOL,155,CC,876590,2260048
65100FJ7-2,84,CV,405642,1790994
70PHSEGRAY,51,CC,844926,2277174
44PHSTNANT,30,CV,305112,2253538
75PHSEITAL,130,CC,601352,2425706
38505FK0-4,125,CV,855043,2045904
21MOBICHA1,51,CC,767280,2320919
10MOBICHAP,125,CC,725150,2368910
60PHSEBEAU,67,CC,583946,2490372
84000FR6-B,87,CC,803215,1883384
74107FV3-0,178,CV,900325,2139949
66PHSEFONT,41,CV,575498,1722326
97420SCO-6,140,CC,,
59PHSTSYNT,42,CC,595825,2668092
19PHSEUSSE,134,CV,597845,2060659
73103FR2-4,66,CV,878522,2083028
45PHSEPITH,56,CV,593919,2352561
92130FH6-2,179,CV,595323,2425112
88MOBIVITT,68,CV,868288,2361941
0210067T-5,81,CC,665936,2540899
27006FF1-1,135,CC,514930,2446744
26MOBICYMO,77,CC,791628,1951087
25026FD6-1,101,CV,878903,2255372
81000ALB-F,173,CC,581862,1879850
76PHSEFECA,120,CV,458714,2530718
34500FX1-1,94,CC,672160,1815200
62321FQ9-8,243,CV,548249,2636775
13PHSEVITR,128,CC,837028,1829965
20MOBIFURI,69,CV,1182990,1765382
13090FE3-7,,CC,,
41PHSEROMO,79,CV,555276,2262270
69PHSECXRO,84,CV,794059,2089451
47200FS2-7,145,CV,427348,1946730
64PHSESTJL,184,CV,275974,1829037
62MOBIHESD,66,CV,578672,2597699
11090LYE-1,121,CC,597794,1800580
62407FA8-7,133,CV,621514,2615036
25300FD6-1,145,CV,905996,2219347
01MOBIBELL,72,CV,869888,2129113
13500RPN-8,97,CC,820123,1828338
57400FV2-1,106,CV,946859,2425565
35032FV1-2,,CV,,
37PHSELOCH,51,CV,498409,2237379
74013FL8-0,,CC,,
13PHSECABR,115,CC,845180,1828859
85PHSEFONT,156,CV,358664,2167759
28PHSECHAT,65,CV,524882,2341643
55000FE7-4,124,CV,807587,2423240
44230FC1-5,94,CC,309887,2250503
45503FN5-2,64,CC,621283,2298856
84PHSECAVA,136,CV,817714,1874162
29200335-G,49,CC,92297,2398815
13008FM5-4,90,CC,848280,1809990
75PHSTSECR,49,CV,602609,2431496
31150IZU-5,129,CC,524570,1854533
63PHSEISSO,88,CC,672773,2061576
64PHSEORTH,65,CV,348101,1836887
10007FA5-0,155,CV,728962,2367956
38PHSEVOIR,125,CV,855043,2045904
16PHSECOGN,67,CV,392615,2080626
91MOBIMONS,52,CC,602690,2412574
59385FL1-2,262,CV,602574,2671042
97490STC-1,86,CC,,
14100FC3-1,164,CV,445813,2462864
29MOBIDOUA,57,CV,104100,2364876
45207FN5-3,135,CV,629447,2333331
36PHSEPOIN,117,CC,554123,2199116
76PHSEVILL,93,CC,446922,2503172
85MOBIMONT,97,CC,320873,2225496
35000FV1-1,181,CV,301013,2353241
17MOBILARO,98,CV,334363,2128588
75PHSTLEPI,49,CV,599728,2431733
45PHSERUEL,62,CC,564556,2322840
03018FQ4-0,110,CV,676363,2174436
57037FU8-4,404,CV,880314,2464523
82PHSEMONT,142,CC,523244,1893533
86PHSEPOI1,166,CV,447249,2177774
83120SM1-1,70,CV,949411,1821421
06PHSEANTI,142,CC,984117,1856291
15100FV9-4,69,CV,659415,2003943
75020FW3-3,35,CV,604487,2429741
17138FY4-7,138,CC,333399,2136367
07PHSEDAVE,106,CV,784804,2030980
20MOBIPRIA,52,CV,1149520,1652459
84100FR6-5,137,CC,798094,1907130
07PHSEGUIL,36,CC,799567,1996237
28MOBINOGE,63,CC,488500,2371138
28100FU1-3,,CV,,
69700MUC-2,63,CC,788560,2067704
75009G33-5,164,CV,599805,2430502
33140FX5-2,142,CC,363173,1985382
61014FM7-0,130,CV,433645,2383674
54MOBIPONT,80,CV,872415,2440139
42PHSEFEUR,58,CV,746879,2084309
97300CAY-6,134,CC,,
04008FQ7-3,121,CC,908823,1904877
74PHSEONON,58,CC,915264,2157705
75PHSEPA14,67,CV,599378,2425642
72PHSEFLEC,74,CV,419048,2302768
29PHSELAND,174,CV,113343,2404013
67PHSEHAUT,134,CC,995191,2412800
78PHSEBUCH,139,CC,551369,2443370
75SDRCOMME,40,CV,596984,2427575
15PHSESTFL,69,CV,659415,2003943
63170FF7-5,143,CC,661522,2083986
01PHSEBOUR,50,CC,824206,2137509
41100FP6-3,91,CV,504929,2311044
72PHSEMANS,125,CC,443627,2329319
16PHSERONN,121,CC,425733,2071012
41PHSEVEND,91,CV,504929,2311044
85PHSEBOUF,98,CC,320873,2225496
40PHSEBISC,131,CC,320697,1940544
72300FU5-A,58,CV,400589,2318922
19012FP5-2,138,CV,554863,2029307
67100FT5-5,198,CC,998881,2412004
20PHSESARR,154,CC,1136511,1682913
50200FP2-3,114,CV,323566,2456801
93PHSEMONT,125,CC,605905,2428504
30PHSEANGL,134,CC,793620,1887340
77410FS6-4,157,CC,623948,2438846
75SDRREPUB,173,CV,601988,2429862
26PHSENYON,78,CV,823348,1932771
54MOBITOUL,46,CV,861624,2414287
33210FL6-A,161,CV,394588,1953640
29PHSESTMA,73,CC,143619,2415149
13600BOUT1,65,CC,866069,1803938
87PHSELIM1,133,CC,518898,2098229
,0,CV,,
73000FR2-7,110,CV,879646,2069273
21PHSEBEAU,109,CV,790083,2227817
310004OQ-5,,CV,,
01011FG1-6,100,CV,823023,2137980
97440TE6-N,68,CV,,
10100FA5-2,62,CC,705697,2390560
71PHSECREC,133,CC,789297,2141906
06MOBIBOSO,61,CV,1010197,1873353
14PHSEMOND,100,CC,408140,2466371
40PHSETARN,,CC,,
76MOBIGOUR,86,CV,555655,2498542
75017FR7-1,84,CV,599319,2431760
75SDRBEAUM,239,CV,602623,2428215
30900F1F-8,206,CC,763092,1869961
44400BLJ-0,53,CC,303833,2251125
13PHSEAUBA,82,CC,864570,1815615
75009OP9-5,1385,CV,599731,2430421
09100FW1-4,122,CV,542117,1789209
86000FN4-5,163,CV,447249,2177774
20PHSEPROP,56,CV,1149520,1652459
22MOBILAMB,96,CV,241497,2396705
80100FZ3-1,133,CV,563927,2567948
97PACASALE,65,CV,,
85500FC7-5,,CV,,
40150FQ3-2,,CV,,
62280DFR-2,60,CC,553218,2638143
77PHSEFONT,90,CV,626900,2378594
61PHSEAIGL,132,CV,474236,2419793
54300FW2-2,44,CV,906852,2407061
37000FE2-7,236,CV,475491,2267400
62PHSECALA,69,CC,562741,2661411
20PHSEFURI,170,CC,1183291,1765323
69002AY7-5,123,CV,794398,2087744
26021FE4-0,149,CV,801717,1995436
34PHSESTJE,61,CC,722220,1842289
85MOBIFONT,56,CC,357575,2167597
75PHSEBONN,37,CV,601137,2430169
54MOBIFROU,47,CC,880312,2422840
88207FE1-4,75,CV,917367,2343854
06700FQ2-2,188,CC,992305,1862938
97PACADEST,53,CC,,
68300FF2-1,107,CV,992963,2300558
97430KI5-9,159,CV,,
44407FC1-0,148,CC,305672,2247417
59PHSTLILL,54,CV,651947,2627171
87PHSELIBO,144,CC,520024,2086964
77130FJ9-1,138,CC,645488,2374185
80MOBIPERR,44,CC,642237,2549357
29PHSECONC,62,CV,132564,2337776
87033FK5-1,164,CV,516235,2092844
79MOBINOIR,114,CV,388930,2152059
88PHSEVITT,150,CV,868288,2361941
91620FW6-4,97,CC,595380,2407804
11MOBICARC,77,CC,599324,1802709
75PHSEPAR1,154,CV,600772,2429369
76MOBINEUT,37,CV,535503,2526587
69PHSEHUGO,68,CV,794066,2087089
97460M0R-3,212,CV,,
49000FK1-A,60,CC,379004,2278362
34PHSEROLS,62,CC,729817,1842527
74PHSESALL,152,CV,932836,2113047
30MOBINIMM,96,CC,761504,1870456
95PHSEGONE,75,CC,606991,2443533
38080FD8-4,171,CC,825249,2072170
79MOBITHOU,64,CV,405885,2222780
08200FM6-2,86,CV,788436,2525721
47MOBIVILL,49,CC,472384,1935720
63PHSECLER,49,CC,661011,2087329
45MOBIOLIV,47,CC,568222,2318672
57600FV2-3,130,CV,933069,2475308
06000XDY-B,114,CV,997581,1868240
91PHSEETAM,104,CV,587066,2381668
83400FC5-2,116,CV,909139,1798182
38301FD8-2,161,CV,828235,2069663
71PHSEPARA,107,CV,736998,2162884
62PHSECOQU,131,CC,562910,2660281
92PHSEISSY,128,CC,593805,2424665
73PHSECHA1,110,CV,879646,2069273
06PHSEDORE,,CC,,
97441SUZ-1,93,CC,,
71PHSELOUH,92,CV,821023,2185108
592234AI-7,131,CC,656489,2638448
78100FY7-2,71,CV,581887,2433299
03200FQ4-2,160,CC,683917,2125764
67302FG5-0,124,CC,996865,2419645
42100746-1,91,CC,763072,2051099
83170FC5-1,116,CV,901045,1829918
06500FD7-5,107,CV,1016402,1877464
131273DR-5,100,CC,837017,1830055
60MOBICREP,52,CV,640126,2470743
78300FD9-4,61,CV,578373,2436917
91150FS8-3,104,CV,587066,2381668
73PHSEAIXB,66,CV,878522,2083028
44PHSESTGE,198,CC,333645,2269724
67PHSESTRA,142,CC,998601,2412297
28PHSEMARG,142,CC,488500,2371138
77MOBICOU1,116,CV,654943,2424311
41350HFQ-Q,174,CC,527668,2286407
57210FU8-3,159,CC,877749,2473065
97600KAW-3,115,CV,,
07PHSETOUR,90,CV,796241,2010869
83300FP3-1,155,CV,933643,1845908
97122DE1-4,190,CC,,
01PHSEBELL,66,CV,860472,2089912
25000FX1-1,128,CC,873469,2252398
55MOBIVERD,42,CV,822418,2467007
49MOBIMURS,46,CC,383715,2270530
26PHSEVALE,93,CC,804615,1997976
80044FZ3-6,131,CC,595903,2540728
17300FY4-1,151,CV,344314,2109282
51MOBICOUR,130,CC,721153,2477387
36PHSEARGE,148,CV,537325,2176959
13001MC2-8,462,CV,847071,1815190
82017FH7-2,123,CV,521254,1891175
36020FG9-1,134,CV,551023,2201519
71019FG3-2,147,CV,792337,2148003
330000TI-4,105,CV,369467,1986616
10MOBIBARB,40,CC,733168,2368110
69PHSELYO2,154,CC,792990,2085566
34976FK6-A,244,CC,728785,1843554
34MOBILUN2,53,CV,745419,1854373
84300FR6-4,45,CV,817701,1874189
26100FE4-5,106,CV,813947,2008628
77102FS6-0,109,CC,638377,2440158
94PHSETHIA,123,CC,602676,2417518
44110FC1-2,84,CV,321462,2308638
85302FC7-2,183,CV,278790,2213915
89MOBIIGNY,85,CC,677796,2331706
280009HR-5,141,CV,537065,2383311
79PHSEPART,81,CV,402104,2186372
69PHSECALU,90,CC,795950,2092367
69PHSEVILL,136,CV,797777,2088392
59155LMZ-5,79,CC,652800,2621100
31PHSELABE,103,CC,532946,1839058
87MOBILIM1,65,CC,518898,2098229
83MOBIFREJ,25,CC,956440,1834710
19MOBIBRIV,63,CC,532958,2016499
56305FX7-1,119,CV,205079,2354132
69120N0P-5,60,CC,801845,2086288
60280FT9-8,140,CC,632021,2490365
95PHSEENGH,69,CV,597782,2441312
57501FV2-4,130,CV,919321,2465080
60MOBICHAA,57,CV,609585,2466271
95150FM4-1,138,CC,591589,2446245
93600FU3-6,159,CC,610291,2439704
40990IRC-5,158,CC,327660,1864618
34PHSEBEZI,94,CC,672160,1815200
75019FD3-1,49,CV,602809,2432289
45073FN5-5,219,CV,567754,2322223
70MOBIGRAY,50,CC,844926,2277174
97REUNDZOU,0,,,
92400FS7-7,195,CC,592785,2432510
66000JQJ-4,68,CC,649976,1744590
75008BM9-5,246,CV,599156,2430151
02500FL3-3,90,CV,725497,2548841
80PHSEPERO,151,CV,642683,2549593
68MOBIGUEB,58,CV,964246,2334584
92390GA2-1,102,CC,599444,2436401
27PHSEPONT,61,CV,467581,2485820
33PHSELESP,60,CV,343187,2039339
75PHSEFLAN,169,CV,602347,2431727
08MOBICHA1,114,CC,770971,2529574
38205FD8-3,213,CV,798198,2061089
64PHSEPAU1,64,CC,381011,1816503
62230UA8-2,132,CC,562910,2660281
52PHSECHAU,123,CV,808747,2349574
29334FJ6-4,97,CV,119897,2352653
84PHSEAPT1,55,CV,846382,1879810
76290FK2-9,115,CC,444579,2505376
33324FX5-3,435,CC,372971,1981295
94205FW8-4,130,CC,602638,2417448
54400FH5-2,128,CC,850638,2510713
51070FL2-1,267,CV,723366,2474241
85MOBILUCO,99,CC,333651,2168145
64PHSEOLOR,62,CV,360341,1803340
20294FE9-1,111,CV,1183410,1770728
97PACAMEDI,,CV,,
44MOBIGUER,71,CC,241451,2269589
57180FU8-5,135,CC,876576,2490886
07MOBITOUR,90,CV,796241,2010869
18MOBIMONT,75,CV,612885,2191449
51PHSESTBR,130,CC,721153,2477387
95880FK8-1,69,CV,597782,2441312
622198GC-5,207,CC,595312,2638035
88100FE1-1,113,CV,942222,2375426
78PHSESART,66,CC,589765,2438580
69317FG4-0,84,CV,794059,2089451
33260D6L-3,130,CC,325916,1963049
33000FT6-A,321,CV,369822,1986233
69MOBIVILL,45,CC,785660,2113420
63PHSETHIE,134,CV,691162,2093934
07PHSEPRIV,37,CV,779265,1973004
95001FP8-1,235,CC,581423,2449022
75006FQ8-5,145,CV,599238,2427564
79000FS1-2,245,CV,384534,2151029
12MOBIVI00,42,CV,576077,1927574
75013FB7-3,70,CC,601370,2425679
62PHSELENS,99,CV,635116,2603926
67000FX1-1,134,CC,1000124,2410993
72MOBILAFL,73,CV,419056,2302782
34980FX1-1,110,CC,721504,1850877
07200FK7-1,148,CV,762929,1959763
93PHSESEVR,,CC,,
69PHSEGIV1,63,CC,788560,2067704
55PHSEBARD,124,CV,807587,2423240
68019FF2-A,167,CC,974451,2359526
01500FG1-5,108,CV,834112,2111473
78PHSEMANT,128,CV,554609,2443652
94125FT1-1,,CC,,
97400DEN-7,449,CV,,
60PHSECREP,137,CV,640148,2470866
94MOBINOG1,42,CV,610900,2426530
64MOBIPAU2,64,CC,381011,1816503
77340FW7-1,99,CC,619989,2419739
57PHSESTAV,130,CV,919321,2465080
07PHSEAUBE,148,CV,762929,1959763
97PACAGOSI,29,CC,,
44PHSEPORN,99,CC,261649,2245819
77APVEPRO1,45,CC,845115,2191110
33PHSELALI,208,CC,376670,1993364
33PHSEPESS,,CC,,
39PHSECHAM,79,CV,872882,2200086
78PHSERAM1,170,CC,562468,2403361
93PHSESEIN,,CC,,
97150MAR-0,179,CV,,
14PHSEORNE,,CC,,
49300FU7-4,70,CC,353983,2231871
06PHSECAGN,65,CC,986597,1863339
06130FH3-2,130,CV,973287,1858684
50009FP2-0,175,CV,349463,2462869
86000FN4-9,140,CC,449513,2176813
29PHSECARH,131,CV,161693,2380627
35760FV1-5,180,CC,300000,2356312
56000W7L-5,80,CC,214983,2309082
35000FV1-7,84,CV,301050,2353624
01210FV3-1,142,CV,890893,2146673
75009GDB-9,96,CV,600665,2430310
83580FP3-4,82,CC,945015,1815992
37PHSEARCH,150,CC,476384,2271012
71PHSECHA1,74,CC,790644,2202645
12PHSEONET,141,CC,621180,1932424
44800FM8-B,125,CC,299525,2254820
35PHSEFOUG,145,CC,339394,2377823
97232FM3-3,153,CV,,
59PHSEFLER,96,CC,650587,2600438
72MOBIALLO,82,CC,437227,2332783
93PHSEMOGA,113,CC,607782,2429256
74MOBIANNA,55,CC,902157,2140358
69008FL7-6,50,CV,796896,2085898
75PHSEPAUL,100,CV,601802,2428545
40019FQ3-4,184,CC,373255,1877622
18MOBICHAR,67,CC,603333,2234731
82MOBIMOIS,60,CV,499671,1901160
22303FW5-2,152,CV,173597,2430552
20PHSECORT,54,CV,1163421,1724247
19MOBIUSEL,73,CV,597845,2060659
27MOBIBERN,71,CV,472601,2455965
58PHSEMARZ,179,CC,658437,2222312
20178FM2-1,101,CV,1132164,1678783
74200FV3-2,103,CV,918558,2160702
05MOBIBRIA,82,CV,939541,1997684
29MOBIPONA,45,CV,109869,2338866
95520XVB-5,,CC,,
84PHSEAVI1,87,CC,803215,1883384
66PHSEPERP,158,CC,644827,1740759
65015FJ7-1,165,CV,416369,1805926
750086YO-K,200,CV,597018,2431119
59PHSEVALE,149,CC,681521,2598546
78PHSEMABU,55,CC,552221,2442789
13PHSELAZA,162,CV,846253,1816100
22205FW5-1,121,CV,195274,2410004
75PHSTPA05,49,CV,600371,2427651
17000FY4-2,,CV,,
31600FH2-3,63,CV,518084,1829162
35PHSEREDO,83,CV,267995,2303706
92110FR8-1,80,CV,597584,2433881
52100FS3-1,134,CV,792686,2407454
22PHSEPLER,77,CC,223623,2405139
97PACAVOIE,0,CC,,
89PHSEJOIG,72,CC,677796,2331706
20MOBICORT,53,CV,1163421,1724247
56PHSEPLOE,145,CC,245868,2337250
17100FP1-2,126,CV,368975,2087197
34200FK6-1,,CV,,
62PHSESTPO,181,CV,599992,2598548
97232PLA-6,108,CC,,
93000FX1-1,118,CC,606340,2435680
3400000X-5,123,CV,724585,1846352
30200FX9-1,97,CV,782943,1909663
07MOBIDAVE,105,CC,784804,2030980
21PHSECHAT,51,CC,767280,2320919
33380KRO-5,70,CC,338374,1965166
50PHSECOUT,115,CV,323566,2456801
62407FA8-5,149,CC,645711,2602186
61100FM7-2,184,CV,386331,2420629
76PHSENEUF,37,CV,535503,2526587
76PHSEROUE,170,CV,509579,2494618
74PHSEETRE,156,CC,900654,2138706
59650FG6-1,122,CC,656289,2625050
51350FL4-5,60,CC,725159,2470024
69371FL7-4,86,CC,797637,2082822
50PHSEGRAN,66,CV,311377,2433768
92DISIDAMS,61,CV,592520,2426877
44PHSEGUER,248,CC,241099,2269594
13300FE3-2,127,CV,822837,1852647
01PHSETHOI,75,CC,881960,2143143
33MOBILEPI,90,CC,366070,1999497
59PHSEHAZE,65,CV,614023,2636460
76190FC9-4,65,CV,485435,2514624
93PHSEVILL,76,CC,600550,2439070
29603FT2-4,267,CV,95551,2399014
57PHSEFORB,55,CV,932901,2475180
20220FE8-8,101,CV,1142219,1759319
38PHSEIRON,24,CC,853831,2048081
42328FE6-3,136,CV,734287,2116837
06402FH3-0,270,CV,978635,1850211
94PHSENOGE,43,CV,610900,2426530
726508U6-H,110,CC,438762,2340592
59190FL1-3,,CV,,
23011FX3-3,107,CV,564132,2129997
52MOBICHAU,106,CV,808812,2349671
34MOBIVEDA,0,CC,722220,1842289
67PHSESCHW,,CC,,
17200FP1-1,195,CV,337714,2074998
60PHSECOMP,71,CC,632394,2490267
71100EE4-P,155,CC,792768,2200246
59777FH9-4,101,CC,652324,2627270
02208FT9-5,154,CV,672043,2487442
71400FB3-2,72,CV,749316,2218377
64601FA6-4,163,CC,289333,1839417
41200FP6-2,79,CV,555276,2262270
35000FZ9-A,176,CC,300717,2350295
39MOBIESPA,78,CV,872882,2200086
68110UU0-4,104,CC,978119,2320225
29200FT2-2,143,CC,96917,2400536
59508FV8-5,158,CV,653201,2597210
59280FH9-1,75,CV,638567,2632770
97PACASAIN,38,CV,,
93PHSERONY,168,CC,610364,2431657
49421FU7-3,129,CC,416359,2254201
19PHSEBRIV,139,CC,532958,2016499
65PHSEIBOS,208,CC,411048,1806886
56MOBIPLOE,50,CV,246356,2336456
10PHSTTROY,90,CV,728915,2367759
21000FT4-A,133,CV,804059,2261605
60PHSENOGE,84,CC,610623,2474960
76500FC9-3,91,CV,503094,2477717
55100FE7-2,118,CV,822455,2466907
57311FH5-3,143,CV,878433,2491283
44000EDM-1,182,CV,305277,2253556
02MOBICHAU,56,CV,663906,2513193
38PHSEGRE1,134,CC,867028,2023273
50470FP2-A,192,CC,315355,2518904
75PHSEOUEN,21,CV,599351,2432834
74MOBICHAM,26,CV,951644,2112690
36MOBICONN,117,CC,554123,2199116
69MOBITARA,37,CV,762664,2101726
69PHSEDARD,74,CC,788933,2093857
97410CAN-9,0,CC,,
66MOBIFONT,41,CV,575498,1722326
75017FN6-2,,CV,,
76173FC9-1,377,CV,509727,2494655
06200W4C-1,124,CC,991176,1870736
34500FJ8-4,110,CC,673616,1816305
35510FG6-3,81,CC,307552,2353219
65MOBITARB,100,CC,411048,1806886
38000FS4-2,134,CC,866609,2023292
94000FV5-6,373,CC,608868,2420247
66965FM1-1,100,CV,645707,1744276
22000FW5-B,129,CV,223568,2402743
81MOBIMUIN,108,CC,603936,1833132
30932FB1-4,104,CC,762764,1873011
26200FK7-7,197,CV,791633,1951151
27PHSELOUV,46,CV,514778,2468760
91PHSEVILL,84,CC,608494,2398390
71PHSEAUTU,64,CV,749316,2218377
62000BOUT2,77,CC,628206,2589497
64230FP9-6,167,CC,375429,1816667
91011FS8-4,145,CC,606651,2403289
64PHSEPYRE,171,CV,380173,1814064
75016FX6-4,68,CV,595926,2428847
45000FN5-A,159,CV,567747,2323074
93290FX5-5,121,CC,613515,2443741
47000FS2-8,157,CV,462736,1913064
47PHSEABOE,56,CC,463743,1909944
97PACAGAUL,76,CV,,
92300FR8-3,89,CV,596657,2432566
79PHSENIOR,176,CV,388930,2152059
07MOBIPRIV,43,CV,779265,1973004
91290FS8-1,136,CC,597432,2398459
06MOBICAG0,65,CV,986597,1863339
84MOBICAR0,84,CV,817905,1898722
94100FT1-4,108,CV,610985,2422680
02000FL3-6,110,CC,692603,2506382
29MOBICONC,51,CV,132564,2337776
26MOBIVAL2,84,CC,804611,1997995
02PHSECHAU,111,CV,663906,2513193
85000BFB-5,169,CC,311901,2195418
13200FE3-1,140,CC,785875,1854302
93PHSEDRA1,,CC,,
37170FE2-9,136,CC,476327,2261224
08MOBIRETH,49,CV,747117,2503133
35305FZ9-2,145,CC,339394,2377823
59720FX1-1,129,CC,714396,2585665
20MOBIAJAC,76,CC,1134995,1682211
75PHSEPA01,76,CC,596032,2427819
83190FC5-A,62,CC,888576,1797613
24017FK4-4,202,CV,472860,2021642
38PHSEECHI,45,CC,866558,2023240
03100FQ4-1,220,CV,620607,2148718
51000J27-4,220,CC,750187,2440276
28PHSELUCE,55,CC,534073,2382211
63MOBITHI0,65,CV,691713,2094363
72100FU5-C,113,CC,441837,2332520
85340KG8-5,139,CC,284539,2176652
49000FK1-7,143,CC,384388,2278129
27200FF1-E,94,CV,537813,2455249
13002MAR-2,129,CC,846000,1816324
79PHSENIVH,245,CC,384538,2151020
97438SAI-4,121,CC,,
91230FK9-1,100,CC,607398,2413034
30PHSENIME,104,CC,762764,1873011
97300VOL-7,124,CC,,
42PHSEVILL,151,CC,756920,2054615
62MOBIAUCH,58,CC,632620,2613942
71300FB3-4,145,CV,755005,2187949
63000FF7-8,199,CV,657967,2086588
24750RXP-5,154,CC,476270,2022520
57070NG1-5,85,CC,884131,2463489
95PHSESTBR,70,CC,600961,2445638
13100JAX-5,128,CC,847812,1838562
72PHSEARCO,127,CC,433527,2381291
88MOBIGERA,59,CV,938059,2350962
58000DE6-X,194,CV,662765,2221551
50PHSEGRA1,147,CV,311437,2433773
87MOBISTJU,91,CC,490136,2100727
01100FG1-7,207,CV,855086,2145319
34MOBIPACU,89,CC,692495,1811360
72PHSESABL,135,CC,402647,2318607
97100BDT-2,143,CV,,
59PHSETOUR,70,CV,658202,2636849
59320I3V-6,183,CC,644706,2626541
53MOBIGONT,62,CC,373655,2318980
30PHSEBAGN,97,CV,782943,1909663
28PHSEDREU,130,CV,528569,2415715
64PHSEPAU6,118,CC,383027,1815157
22360FW5-A,142,CC,225897,2400508
92100FH6-0,94,CV,592996,2426582
92PHSTCOLO,40,CV,593978,2436190
25200FF8-3,126,CV,935937,2288427
97231FM5-1,127,CV,,
31200FX1-1,153,CC,531139,1848214
60PHSEMAXI,85,CC,609757,2470940
38PHSESTEG,183,CC,861119,2032079
28200FU1-2,66,CV,524882,2341643
51MOBIMENE,60,CV,786829,2457782
95100FM4-3,85,CC,593854,2438408
33PHSEARES,150,CC,326746,1980423
06PHSEETOI,52,CC,997771,1867989
24100A4J-5,133,CC,450420,1983640
05MOBIGAP1,97,Hors CV et CC,898395,1958696
44MOBISTN2,91,CC,251925,2261029
95290PF0-5,104,CC,593315,2458652
58PHSECOSN,93,CV,644384,2268026
29000FJ6-5,147,CC,120279,2350226
31PHSESTOR,101,CC,533850,1840873
75116FX6-3,,CV,,
310007DI-G,269,CV,527979,1845352
59PHSEWASQ,86,CC,655744,2632209
77566FW7-B,358,CC,615447,2401825
62000FF9-4,125,CV,631372,2588421
76400FK2-3,,CV,,
1110099L-Q,227,CC,656146,1797562
74PHSEEPAG,162,CC,889923,2110990
63PHSEFERR,66,CC,659935,2090420
13011L5D-5,146,CC,855236,1815044
68065FF2-0,205,CV,974927,2317312
80PHSEMERS,254,CV,533530,2563267
57PHSEMOUL,,CC,,
25PHSTBESA,72,CV,879203,2255112
18PHSEBOUR,103,CV,604430,2231744
51PHSECORM,112,CC,725116,2469951
59PHSEROUB,85,CC,659465,2633555
77711FS6-7,120,CC,632420,2428589
06600FH3-1,162,CV,986701,1853833
55MOBIMIHI,72,CV,835075,2437458
93PHSEBAGN,40,CC,605751,2429721
26MOBIPIER,48,CV,788206,1933331
33PHSEMERI,44,CC,368940,1986281
18PHSESTDO,68,CC,603333,2234731
83PHSEHYER,84,CC,907319,1797656
75001FN3-7,99,CC,598973,2427190
42600FE6-4,129,CV,735116,2068561
78370FU9-4,105,CC,572359,2425694
75006C3L-J,71,CV,600242,2428208
45MOBICHEC,59,CC,577760,2322931
78PHSECHAM,120,CC,577976,2434561
97410ENF-4,138,CV,,
93330FU3-4,126,CC,615434,2426910
78180FU9-0,147,CC,578458,2420778
14MOBIVIRE,66,CV,363038,2431504
36MOBIISSO,61,CV,573706,2216628
943003I4-I,123,CV,607366,2427608
75PHSESEVR,90,CV,599058,2427958
97232LAM-8,234,CC,,
77240FW7-2,80,CC,619366,2398840
97REUNJOSE,0,,,
89100FM9-1,137,CC,669865,2358104
75PHSTFAUB,49,CV,602972,2428081
24100FK4-1,90,CV,453594,1985316
76PHSEDIE2,144,CV,509252,2548314
77120FS6-1,72,CV,654910,2424104
592902DK-8,86,CC,655744,2632209
81013FC4-2,161,CV,584750,1880727
84MOBIAPTD,55,CV,846382,1879810
54039FW2-0,343,CV,883025,2416974
42MOBIFIRM,90,CV,752762,2045132
59407FV8-0,142,CV,664236,2575858
84PHSECAR1,153,CV,816631,1897957
69100FY9-3,,CV,,
06000FD7-3,124,CC,997752,1868017
7620090I-Y,127,CC,509539,2546672
72000FU5-3,206,CV,440359,2335843
31700QJ2-5,168,CC,522110,1849820
59000LIL-5,380,CV,651554,2627098
78410FD9-5,74,CC,565234,2440897
06036FD7-0,175,CC,999202,1868610
64MOBIOLOR,66,CV,360341,1803340
74303FL8-1,154,CV,926207,2127481
90025FF8-2,104,CV,939346,2302683
18PHSEVIER,93,CV,579624,2247002
59PHSEFATH,79,CC,652800,2621100
82MOBIMON2,65,CC,523244,1893533
88MOBINEUF,52,CV,848711,2378334
97110POI-3,103,CV,,
44300FM8-2,104,CC,308585,2257072
50400FP2-4,66,CV,311377,2433768
37MOBIAMBO,50,CV,497821,2268877
62MOBITERN,58,CV,599985,2598527
14PHSEHERO,100,CC,405744,2470980
47PHSEBOE1,169,CC,463397,1909913
59MOBICAUD,36,CC,678118,2570889
31806FX8-2,136,CV,468440,1790931
40MOBIMTMS,50,CV,373073,1877821
44MOBIPORN,99,CC,261649,2245819
27PHSEVERN,94,CV,537813,2455249
47PHSEVILL,127,CV,470022,1935348
31049FJ1-0,226,CV,531841,1842679
31000FQ1-3,100,CV,527893,1844696
40MOBIBISC,61,CV,320877,1938929
92PHSEPUTO,270,CC,592756,2432545
63500FF7-9,90,CC,672773,2061576
64400FP9-3,171,CV,380173,1814064
75009FH4-3,180,CV,599291,2430834
76PHSEYVET,65,CV,485435,2514624
44PHSECHAT,84,CV,321462,2308638
93PHSTCLIC,26,CC,614372,2434075
13PHSEISTR,54,CC,813850,1836385
35740FZ9-8,114,CC,294739,2356718
57PHSTMETZ,54,CV,880302,2464703
50MOBISMDC,80,CC,328506,2412534
38MOBISALA,88,CC,793461,2040682
49MOBIGERS,73,CC,383170,2280616
20PHSEAJAC,76,CC,1134995,1682211
12100FF4-2,157,CV,659429,1900201
97122JAR-1,293,CV,,
59300FC2-2,265,CV,684626,2596569
05008FT3-2,92,CV,897566,1958111
24200FK4-2,121,CV,511388,1988502
13PHSEMAR9,58,CV,847627,1814201
73PHSEBASS,,CC,,
73200FR2-1,144,CC,913955,2080959
85PHSELUCO,99,CC,333651,2168145
77PHSECLAY,70,CC,623912,2438694
33MOBISTAN,74,CC,382317,2004942
09008FW1-3,81,CV,540331,1773754
26MOBINYON,78,CV,823348,1932771
60200FT9-6,67,CV,635466,2491227
56019FM3-3,,CV,,
61200FM7-1,65,CV,426481,2418719
40MOBITARN,37,CC,292503,1843372
04MOBISIST,42,CV,888424,1917200
34PHSTMONT,48,CV,724524,1846593
14PHSEDEAU,73,CV,435881,2487061
63200NVL-5,80,CC,660697,2097676
39MOBICLAU,63,CV,871229,2160345
44MOBILAIN,71,CC,311801,2250146
02PHSEHIRS,90,CV,725497,2548841
38MOBITIGN,40,CC,821353,2087078
83PHSTTOUL,52,CV,892974,1798087
59PHSTPOLM,80,CC,599977,2670135
53PHSEMAYE,154,CV,380654,2371299
97200POR-5,337,CV,,
04100FQ7-1,105,CV,877544,1876103
97410PIE-9,61,CC,,
11108FA2-3,91,CV,654341,1798136
60MOBISEN2,31,CV,618177,2467491
64100FA6-6,100,CV,291193,1839726
83PHSESTRA,54,CV,959200,1834694
83608FP3-0,60,CV,959200,1834694
77200FB9-2,,CC,,
97PACASIDE,90,CC,,
14PHSEVIRE,66,CV,363038,2431504
29270FJ6-3,60,CV,161977,2380769
89PHSEAVAL,67,CC,718259,2278789
38PHSEHERE,,CC,,
75007FQ8-3,36,CV,597793,2428522
08PHSESEDA,81,CV,788434,2525777
77PHSEPRO1,128,CV,671000,2396096
24PHSEMARS,92,CC,468084,2022816
78000FF6-4,50,CV,584891,2423117
77160FJ9-2,128,CV,671000,2396096
89011FM9-0,179,CV,692333,2311158
82PHSEMOIS,60,CV,499671,1901160
77PHSEEURO,146,CC,632539,2428581
51PHSETINQ,,CC,,
49MOBISAUM,80,CC,416358,2254183
53MOBIMAYE,25,CV,380675,2371312
46100FV4-4,104,CV,575996,1956552
67120FT5-3,110,CV,980616,2406280
56PHSEPONT,119,CV,205079,2354132
08011FM6-3,153,CV,771862,2533118
75011FW3-2,,CV,,
92603FX4-0,188,CV,596579,2434689
93200FR9-2,82,CV,601289,2437589
73010FR2-0,126,CC,877985,2072102
83480FP3-8,151,CC,953928,1836704
69230PE0-5,164,CC,791310,2078571
76173FC9-0,70,CC,509857,2497667
97416SLP-1,145,CC,,
93100FV7-2,113,CC,607782,2429256
78PHSEMONT,120,CC,585969,2436597
78150FF6-3,338,CC,583748,2425494
95570FK8-7,100,CC,600333,2449178
38PHSEGREN,96,CC,866561,2023263
79PHSETHOU,111,CV,405855,2222921
72MOBIARCO,72,CC,433527,2381291
68130FF2-5,46,CV,967958,2302606
35PHSERENN,65,CC,300798,2352695
56600FX7-4,113,CC,174743,2323840
34PHSELUNE,42,CV,745683,1854523
72000FU5-0,34,CC,440525,2336335
09MOBISTGI,52,CV,502342,1776524
39021FN7-5,97,CV,845977,2191050
22MOBIPAIM,42,CC,205023,2432836
36MOBIARGE,54,CV,537321,2176954
42PHSEFIRM,91,CV,752762,2045132
80MOBIMERS,35,CC,533428,2563276
85206FC7-3,129,CV,358664,2167759
14400FC3-3,,CV,,
84MOBIPERT,62,CV,855358,1858265
69PHSEPRIE,96,CC,801606,2083549
69665FT8-2,114,CV,784530,2112754
27500FF1-3,61,CV,467581,2485820
64300FP9-5,65,CV,348101,1836887
55MOBIBAR2,40,CV,807960,2422906
02400FT9-2,126,CV,677973,2450251
71MOBILOUH,92,CV,821023,2185108
32PHSENOGA,90,CC,409203,1865152
67PHSEMOLS,112,CV,980616,2406280
87100YBQ-5,,CC,,
18PHSEBOCC,183,CC,606361,2232444
15000FV9-3,110,CV,608567,1992142
06000GX6-5,,CV,,
42000FD5-6,149,CV,760506,2050620
80PHSEFASH,62,CC,602902,2541054
85008FC7-1,80,CV,311916,2192438
541803EV-5,125,CC,883743,2411684
91440FW6-5,126,CC,587934,2408574
37700FX1-1,107,CC,477506,2265752
04PHSESIST,42,CV,888424,1917200
03PHSEMONT,76,CC,620373,2149626
13400FV6-7,119,CC,864570,1815685
77PHSENEMO,118,CV,626941,2363015
37501FE2-4,55,CV,441591,2242764
97PACABOUR,65,CC,,
18PHSESTAM,90,CV,612885,2191449
60000FN9-5,165,CV,581651,2492816
83000FC5-8,83,CC,893425,1797506
16100FL9-1,67,CV,392615,2080626
78PHSEVELI,165,CC,591536,2420335
39108FN7-4,95,CV,839585,2237346
62500FF9-2,70,CV,594166,2639706
32008FF3-2,122,CV,458364,1849858
67PHSESELE,151,CV,979720,2374599
83160FC5-9,154,CC,899600,1800263
06PHSEBEAU,54,CV,1010197,1873353
94430FV5-1,129,CC,616041,2421888
81PHSEMAZA,109,CC,603936,1833132
11PHSTNARB,49,CV,654332,1798073
67600FT5-2,151,CV,979720,2374599
71MOBIALIE,74,CC,790644,2202645
95200SAR-9,151,CC,602727,2443111
86100FN4-1,111,CV,463313,2203473
34035FC6-1,58,CC,725162,1846422
91309FW6-2,86,CC,595585,2414095
60MOBINOYO,62,CV,647797,2509390
59PHSTAULN,,CC,,
311204IM-2,98,CC,521768,1835029
81PHSECAS0,47,CV,592305,1844859
91140AHI-5,155,CC,593872,2411965
56400FM3-2,97,CV,200506,2309967
31PHSETOUL,,CC,,
20PHSEGHIS,55,CV,1186628,1694260
49321FU7-2,179,CC,358535,2235573
20290VXJ-3,38,CC,1184180,1753930
40PHSEHOSS,105,CV,296049,1858146
29600FT2-1,73,CC,143619,2415149
56PHSTVANN,83,CV,217521,2307903
37PHSECHIN,111,CV,441152,2242765
83PHSESEYN,133,CC,887071,1796212
27PHSEVILL,39,CC,514930,2446744
44600FN2-4,86,CV,256020,2263086
811006GC-5,156,CC,587869,1842990
38028FK0-2,237,CV,866470,2026871
80000ZSB-5,281,CV,597338,2544004
53015FF5-2,108,CV,368224,2345874
94762FW8-7,123,CC,604317,2424554
14PHSEBAYE,122,CV,378392,2479964
84130JMX-B,128,CC,804324,1890156
93300AUB-1,,CC,,
62PHSEBETH,69,CC,620880,2614250
16000FL9-2,205,CV,430332,2074352
67PHSEILLK,198,CC,998865,2407616
25PHSEBESA,128,CC,873469,2252398
14000PJC-I,243,CV,403016,2468372
93PHSEAULN,118,CC,610187,2439843
44MOBIANCE,65,CC,333645,2269724
44PHSENANT,73,CC,306865,2252260
22018FW5-4,185,CV,275724,2392942
75013FB7-0,278,CV,602874,2425945
78120FU9-3,149,CV,562169,2405205
76PHSEDIEP,0,CV,509377,2548437
14200FZ8-1,114,CC,405720,2470880
91PHSEVIGN,102,CC,607398,2413034
74000FL8-2,133,CV,893911,2107215
10PHSESTPA,116,CC,733168,2368110
92160FP7-5,87,CV,597556,2417256
92MOBIPOPC,39,CV,596707,2420004
41000FP6-1,136,CV,524609,2287886
45PHSEGIEN,64,CC,621283,2298856
59PHSELEER,135,CC,662547,2632180
78PHSEMAUR,40,CC,569171,2418270
76173FC9-2,176,CC,509040,2493321
12PHSEVIRO,132,CC,572822,1928961
46005FV4-3,122,CV,528593,1938932
69003FY9-4,200,CC,795920,2087750
53MOBILAV2,67,CC,371083,2344051
87PHSESTJU,91,CC,490136,2100727
85MOBIOLON,87,CC,286572,2173249
97PACAKOUR,44,CV,,
92PHSEOUES,59,CC,597098,2432679
92PHSEBOUL,95,CC,592846,2426489
38MOBIVTGR,66,CC,866198,2026090
21800935-G,86,CC,809276,2260406
86PHSEPOIT,148,CC,443842,2174513
25MOBIMOPH,41,CC,876590,2260048
18108FD2-2,92,CV,579624,2247002
75PHSEBELL,,CV,,
33310FX5-1,137,CC,374517,1989322
35406FZ9-5,195,CC,280775,2411689
77190FW7-4,114,CC,618340,2389085
68021FR3-2,187,CV,973852,2354029
51200FL4-1,115,CV,718344,2450757
76360FC9-B,147,CC,500915,2505300
38130SPF-3,130,CC,863935,2022265
94PHSEBERC,123,CC,604291,2425327
62MOBISERV,54,CV,615631,2608833
64PHSELESC,101,CC,375377,1816605
92340FP7-6,76,CV,598383,2420116
74MOBISAL1,37,CV,932914,2112937
62800FA8-9,140,CC,630865,2602896
88000LVU-5,115,CC,907880,2363465
50300FP2-2,130,CV,327766,2416059
64PHSESTJE,0,CV,275867,1829244
69PHSEGENI,134,CC,791266,2078525
42MOBIKGBA,56,CV,752382,2061492
14124FZ8-5,128,CC,408266,2466251
45307FN5-4,51,CV,593919,2352561
77MOBICOU0,69,CC,655525,2422922
21PHSECHEN,53,CC,803263,2257259
33500FL6-8,161,CC,397857,1992185
97480M3M-5,131,CV,,
97470BEN-1,156,CV,,
69009FG4-1,155,CC,789594,2090554
38MOBIFONT,47,CC,862047,2027634
66965FM1-4,204,CV,645683,1741856
45770FX1-1,130,CC,566318,2329196
74PHSEANNE,61,CC,893729,2109752
31670FJ1-3,170,CC,532950,1839148
57200FV2-2,122,CV,945411,2467448
22PHSEPAIM,80,CC,205023,2432836
69002FG4-2,422,CV,794358,2087460
48005FW4-1,93,CV,692428,1946819
18023FD2-0,103,CV,604430,2231744
81PHSETRES,90,CC,594510,1843420
50PHSECHER,43,CV,313784,2522933
60PHSELACH,78,CC,614118,2456067
02PHSECHAT,126,CV,677973,2450251
20MOBIGHIS,49,CV,1186628,1694260
78360LQC-5,169,CC,585910,2436720
02321FL3-5,147,CV,668622,2539344
57300FU8-2,41,CC,875759,2460834
76600FK2-8,136,CC,438667,2502082
97600JSM-1,74,CC,,
97139MIL-4,139,CC,,
92PHSEPUT0,93,CC,592731,2432664
66530FX1-1,121,CC,647273,1752628
12PHSEVILL,64,CV,576077,1927574
38240VEZ-5,94,CC,869302,2028363
53100FF5-3,120,CV,380487,2371264
77PHSTMELU,68,CV,623935,2393380
59MOBINOBL,43,CC,654433,2594392
44600ER7-9,135,CC,256489,2265824
31650X2Y-3,101,CC,533850,1840873
13PHSELITT,103,CC,844560,1822750
92120FP7-3,147,CV,598718,2424368
23PHSEGUER,107,CV,564132,2129997
91806FK9-6,72,CC,614590,2409339
52901FS3-0,123,CV,808747,2349574
10PHSEROMI,144,CC,705697,2390560
14800FC3-2,73,CV,435881,2487061
92200FR8-2,62,CV,595599,2431464
75005U77-4,121,CV,600528,2428221
79300FS1-1,,CV,,
75PHSEPA15,148,CV,597415,2426814
85PHSEHERB,86,CV,344681,2213362
33160517-3,89,CC,360554,1991591
40100FQ3-5,117,CV,326471,1862358
61PHSEARGE,151,CV,426552,2418773
67PHSESAVE,84,CV,969415,2427885
35PHSEVITR,75,CC,336336,2352140
13PHSTAIXP,28,CV,851778,1841133
54PHSEFROU,118,CC,880312,2422840
89000FM9-4,241,CC,692312,2313768
50MOBICHE2,43,CV,313784,2522933
78140FF6-1,91,CC,591514,2420185
29MOBILAN1,55,CV,113343,2404013
60MOBILACH,78,CC,614118,2456067
12031FF4-4,133,CV,619072,1927621
38PHSEMLAN,92,CC,869302,2028363
06PHSETRIN,111,CC,1001543,1872813
76410FC9-G,121,CC,509930,2481950
91PHSEVIRY,184,CC,606645,2403390
77305FJ9-0,90,CV,626900,2378594
78PHSESTGE,136,CC,582186,2433201
97MARINBAY,50,CC,,
56321FX7-2,102,CV,172934,2320917
68PHSEMULW,118,CC,972675,2324080
85MOBICYBE,106,CC,311333,2189523
